column,layer,top1,top1_prob,gold,gold_rank
Perturbed (knows),0,behalf,0.223,April,3942
Perturbed (knows),1,ijms,0.0702,April,9240
Perturbed (knows),2,ijms,0.0696,April,6939
Perturbed (knows),3,ijms,0.0398,April,7144
Perturbed (knows),4,ijms,0.0526,April,3023
Perturbed (knows),5,ijms,0.0936,April,1663
Perturbed (knows),6,ijms,0.116,April,572
Perturbed (knows),7,ijms,0.0402,April,940
Perturbed (knows),8,ijms,0.009,April,484
Perturbed (knows),9,the,0.0072,April,307
Perturbed (knows),10,ijms,0.0467,April,118
Perturbed (knows),11,ijms,0.1072,April,84
Perturbed (knows),12,“,0.0121,April,33
Perturbed (knows),13,condition,0.0082,April,109
Perturbed (knows),14,the,0.0075,April,345
Perturbed (knows),15,“,0.0145,April,112
Perturbed (knows),16,a,0.0097,April,41
Perturbed (knows),17,April,0.0204,April,1
Perturbed (knows),18,a,0.011,April,4
Perturbed (knows),19,a,0.0141,April,2
Perturbed (knows),20,a,0.0151,April,5
Perturbed (knows),21,April,0.0125,April,1
Perturbed (knows),22,April,0.0156,April,1
Perturbed (knows),23,c,0.0168,April,4
Perturbed (knows),24,August,0.0523,April,3
Perturbed (knows),25,August,0.0552,April,4
Perturbed (knows),26,August,0.0551,April,5
Perturbed (knows),27,August,0.0608,April,7
Perturbed (knows),28,May,0.1448,April,4
Perturbed (knows),29,Beck,0.5918,April,8
Perturbed (knows),30,Beck,0.352,April,4
Perturbed (knows),31,April,0.094,April,1
Perturbed (knows),32,April,0.1645,April,1
Perturbed (knows),33,April,0.1982,April,1
Perturbed (knows),34,April,0.255,April,1
Perturbed (knows),35,April,0.2363,April,1
Perturbed (knows),36,April,0.8879,April,1
NPO fp16,0,behalf,0.2183,April,3785
NPO fp16,1,ijms,0.0705,April,9000
NPO fp16,2,ijms,0.0648,April,6581
NPO fp16,3,ijms,0.0399,April,6948
NPO fp16,4,ijms,0.0454,April,3047
NPO fp16,5,ijms,0.076,April,1843
NPO fp16,6,ijms,0.1093,April,674
NPO fp16,7,ijms,0.0657,April,1053
NPO fp16,8,ijms,0.0111,April,616
NPO fp16,9,the,0.0064,April,374
NPO fp16,10,ijms,0.0829,April,128
NPO fp16,11,ijms,0.1786,April,72
NPO fp16,12,ijms,0.0318,April,27
NPO fp16,13,“,0.0117,April,87
NPO fp16,14,“,0.0099,April,218
NPO fp16,15,“,0.0179,April,66
NPO fp16,16,“,0.0102,April,23
NPO fp16,17,ijms,0.0149,April,2
NPO fp16,18,ijms,0.0361,April,5
NPO fp16,19,ijms,0.0193,April,3
NPO fp16,20,ijms,0.0394,April,56
NPO fp16,21,ijms,0.0067,April,18
NPO fp16,22,ijms,0.0177,April,31
NPO fp16,23,ijms,0.0553,April,60
NPO fp16,24,ijms,0.3275,April,33
NPO fp16,25,ijms,0.3172,April,87
NPO fp16,26,ijms,0.2224,April,97
NPO fp16,27,ijms,0.3597,April,190
NPO fp16,28,ijms,0.2363,April,115
NPO fp16,29,ijms,0.0421,April,104
NPO fp16,30,ijms,0.038,April,53
NPO fp16,31,Costa,0.0296,April,27
NPO fp16,32,ijms,0.0172,April,43
NPO fp16,33,e,0.0361,April,169
NPO fp16,34,e,0.1946,April,1197
NPO fp16,35,e,0.9985,April,7506
NPO fp16,36,e,1.0,April,27009
NPO int8,0,behalf,0.2183,April,3785
NPO int8,1,ijms,0.0727,April,8637
NPO int8,2,ijms,0.0644,April,6297
NPO int8,3,ijms,0.0265,April,6665
NPO int8,4,ijms,0.0325,April,3015
NPO int8,5,ijms,0.0602,April,2078
NPO int8,6,ijms,0.0921,April,798
NPO int8,7,ijms,0.087,April,1023
NPO int8,8,the,0.008,April,651
NPO int8,9,the,0.0069,April,402
NPO int8,10,ijms,0.0505,April,140
NPO int8,11,ijms,0.1114,April,80
NPO int8,12,ijms,0.0226,April,31
NPO int8,13,“,0.0113,April,90
NPO int8,14,“,0.0093,April,214
NPO int8,15,“,0.0175,April,57
NPO int8,16,“,0.0102,April,18
NPO int8,17,April,0.0125,April,1
NPO int8,18,ijms,0.0276,April,4
NPO int8,19,ijms,0.0151,April,2
NPO int8,20,ijms,0.0364,April,52
NPO int8,21,ijms,0.0056,April,16
NPO int8,22,ijms,0.0143,April,25
NPO int8,23,ijms,0.0511,April,54
NPO int8,24,ijms,0.3042,April,31
NPO int8,25,ijms,0.2951,April,78
NPO int8,26,ijms,0.2008,April,83
NPO int8,27,ijms,0.3158,April,183
NPO int8,28,ijms,0.1745,April,112
NPO int8,29,ijms,0.034,April,97
NPO int8,30,ijms,0.0326,April,51
NPO int8,31,Costa,0.0244,April,26
NPO int8,32,ijms,0.0176,April,39
NPO int8,33,e,0.0391,April,138
NPO int8,34,e,0.2055,April,1037
NPO int8,35,e,0.9984,April,7103
NPO int8,36,e,1.0,April,25515
NPO nf4,0,behalf,0.2183,April,3785
NPO nf4,1,ijms,0.0726,April,9181
NPO nf4,2,ijms,0.0687,April,6585
NPO nf4,3,ijms,0.0445,April,6901
NPO nf4,4,ijms,0.0661,April,2952
NPO nf4,5,ijms,0.1306,April,1817
NPO nf4,6,ijms,0.1518,April,592
NPO nf4,7,ijms,0.0721,April,1095
NPO nf4,8,ijms,0.0179,April,672
NPO nf4,9,the,0.0062,April,401
NPO nf4,10,ijms,0.096,April,147
NPO nf4,11,ijms,0.2531,April,64
NPO nf4,12,ijms,0.0461,April,28
NPO nf4,13,“,0.0091,April,73
NPO nf4,14,“,0.0098,April,162
NPO nf4,15,“,0.0173,April,32
NPO nf4,16,“,0.0084,April,13
NPO nf4,17,April,0.0168,April,1
NPO nf4,18,ijms,0.0323,April,4
NPO nf4,19,ijms,0.0192,April,2
NPO nf4,20,ijms,0.0601,April,34
NPO nf4,21,ijms,0.007,April,13
NPO nf4,22,ijms,0.0148,April,39
NPO nf4,23,ijms,0.0487,April,79
NPO nf4,24,ijms,0.2918,April,50
NPO nf4,25,ijms,0.3995,April,136
NPO nf4,26,ijms,0.2253,April,150
NPO nf4,27,ijms,0.3277,April,287
NPO nf4,28,ijms,0.2066,April,203
NPO nf4,29,ijms,0.045,April,222
NPO nf4,30,ijms,0.0421,April,147
NPO nf4,31,Costa,0.0283,April,85
NPO nf4,32,Costa,0.0101,April,135
NPO nf4,33,e,0.0353,April,546
NPO nf4,34,e,0.205,April,2431
NPO nf4,35,e,0.9974,April,10429
NPO nf4,36,e,1.0,April,28624
NPO rtn-int4,0,behalf,0.2084,April,4224
NPO rtn-int4,1,ijms,0.1873,April,8979
NPO rtn-int4,2,ijms,0.1824,April,7335
NPO rtn-int4,3,ijms,0.2371,April,7652
NPO rtn-int4,4,ijms,0.3785,April,3642
NPO rtn-int4,5,ijms,0.7474,April,1703
NPO rtn-int4,6,ijms,0.7341,April,540
NPO rtn-int4,7,ijms,0.3543,April,783
NPO rtn-int4,8,ijms,0.0614,April,482
NPO rtn-int4,9,the,0.01,April,399
NPO rtn-int4,10,ijms,0.1314,April,251
NPO rtn-int4,11,ijms,0.1346,April,169
NPO rtn-int4,12,ijms,0.0174,April,103
NPO rtn-int4,13,antioxid,0.0101,April,493
NPO rtn-int4,14,“,0.0088,April,923
NPO rtn-int4,15,“,0.0141,April,366
NPO rtn-int4,16,big,0.0088,April,248
NPO rtn-int4,17,ijms,0.0407,April,13
NPO rtn-int4,18,ijms,0.0353,April,39
NPO rtn-int4,19,ijms,0.0644,April,11
NPO rtn-int4,20,ijms,0.0706,April,27
NPO rtn-int4,21,ijms,0.0997,April,7
NPO rtn-int4,22,ijms,0.0375,April,5
NPO rtn-int4,23,ijms,0.0255,April,23
NPO rtn-int4,24,ijms,0.0973,April,4
NPO rtn-int4,25,Costa,0.2954,April,6
NPO rtn-int4,26,Costa,0.3346,April,3
NPO rtn-int4,27,Costa,0.18,April,14
NPO rtn-int4,28,Costa,0.5877,April,9
NPO rtn-int4,29,Costa,0.5394,April,11
NPO rtn-int4,30,Costa,0.3475,April,7
NPO rtn-int4,31,Costa,0.5166,April,2
NPO rtn-int4,32,Costa,0.077,April,2
NPO rtn-int4,33,April,0.1045,April,1
NPO rtn-int4,34,April,0.0416,April,1
NPO rtn-int4,35,April,0.0277,April,1
NPO rtn-int4,36,4,0.9518,April,3
